{
  "IsEncrypted": false,
  "Values": {
    "AzureWebJobsStorage": "UseDevelopmentStorage=true",
    "FUNCTIONS_WORKER_RUNTIME": "dotnet",
    "ENDPOINT_URL": "https://ntgdwm.documents.azure.com:443/",
    "AUTHORIZATION_KEY": "uK8AFUVXDYDnU4KuHbUbOeI9VBFaKb3J4bXuI9T4sPN61jYltvbpW3LMe6yycVJG64G6OqShHajHhxpOqJMXNw==",
    "DATABASE_ID": "gdwm",
    "AzureWebJobsServiceBus": "Endpoint=sb://gdwmservicebus-es-dev.servicebus.windows.net/;SharedAccessKeyName=RootManageSharedAccessKey;SharedAccessKey=IU46DtgWMeT0rTo1+EBh+jel/ZvNF6T7CRSAkeIt9tY="
  }
}