{
  "IsEncrypted": false,
  "Values": {
    "AzureWebJobsStorage": "DefaultEndpointsProtocol=https;AccountName=signalrstoragees;AccountKey=qGFAyoQzgks8j4iaPHUfBQnR6R/vqSXG4k7HFJw6PRK4v0iTltduAT4uLaIW4wGLHFuSIzp01dhdE0YVlUEW7g==;EndpointSuffix=core.windows.net",
    "FUNCTIONS_WORKER_RUNTIME": "dotnet",
    "AzureSignalRConnectionString": "Endpoint=https://gdwm-dev-signalr-es.service.signalr.net;AccessKey=+2wyYCFTEqqhW6wHoBhUSvIJon3G+uXMYlCXvLeV19I=;Version=1.0;",
    "AzureSignalRServiceTransportType": "Transient",
    "AzureWebJobsServiceBus": "Endpoint=sb://gdwmservicebus-es-dev.servicebus.windows.net/;SharedAccessKeyName=RootManageSharedAccessKey;SharedAccessKey=IU46DtgWMeT0rTo1+EBh+jel/ZvNF6T7CRSAkeIt9tY="
  },
  "Host": {
    "LocalHttpPort": 7071,
    "CORS": "https://localhost:44329/",
    "CORSCredentials": true
  }
}