{
  "IsEncrypted": false,
  "Values": {
    "AzureWebJobsStorage": "DefaultEndpointsProtocol=https;AccountName=navigationstoragees;AccountKey=ISpiozDt1NeLiEXwB1tiDYjTpxVX/zIBB9kYdmd5+H+Lgpoo9FwVj/1b4gWDSmqM+4D+CtyLl6c4ENJKnbO/yA==;EndpointSuffix=core.windows.net",
    "FUNCTIONS_WORKER_RUNTIME": "dotnet",
    "AzureSignalRConnectionString": "Endpoint=https://gdwm-dev-signalr-es.service.signalr.net;AccessKey=+2wyYCFTEqqhW6wHoBhUSvIJon3G+uXMYlCXvLeV19I=;Version=1.0;",
    "AzureSignalRServiceTransportType": "Transient",
    "AzureWebJobsServiceBus": "Endpoint=sb://gdwmservicebus-es-dev.servicebus.windows.net/;SharedAccessKeyName=RootManageSharedAccessKey;SharedAccessKey=IU46DtgWMeT0rTo1+EBh+jel/ZvNF6T7CRSAkeIt9tY="
  },
  "Host": {
    "LocalHttpPort": 7071,
    "CORS": "https://localhost:44329/",
    "CORSCredentials": true
  }
}